Year,Set Number,Main Category,Specific Topic,Core Discussion Question,Other Questions,Suggested Vocabulary or Key Points,Source
2025,1.1,School Life / Sports,Olympic Champion Visit,Prepare for a school visit and interview with Edgar Cheung Ka-long.,How his visit can benefit students; questions to ask him during the interview; other activities you could do on his visit.,Shy teenager to champion; introvert success; impact on society; promoting fencing; elite athletes.,1
2025,1.2,Social Issues / Tourism,Photo-taking in Public Places,Discuss the issue of taking photos in public places.,Why people might not like others taking photos in public places; places in Hong Kong that are popular for taking photos; whether Hong Kong needs to have rules for photo taking.,Social media trends; privacy; Mount Fuji wall; litter/parking; respecting rules; tourism disruption.,1
2025,1.3,Technology,Rise of Smartphones vs PCs,Discuss the rise of smartphones and decline of PCs.,Why smartphones are so popular; whether PCs are still useful for students; whether smartphones will one day completely replace PCs.,Ownership decline; mobile web traffic; gamers/work convenience; replacement potential; screen time.,1
2025,2.1,Hong Kong Culture / Tourism,Travelling to Shenzhen,Discuss the trend of Hong Kong residents travelling north to Shenzhen.,Why trips to Shenzhen are becoming popular; why some Hong Kong people prefer Shenzhen to other places; how Hong Kong businesses could keep people in the city.,Consumption patterns; half-price meals; grocery shopping (Sam's Club); service quality; leisure habits.,1
2025,2.2,Social Issues / Transport,Teenagers Driving Less,Discuss whether it is worth learning to drive in Hong Kong.,The benefits and challenges of being a driver in Hong Kong; whether Hong Kong is a car-friendly city; reasons why so few teenagers learn to drive in Hong Kong.,Sign of adulthood; car costs/insurance; Uber/delivery apps; car-friendly cities; age limits.,1
2025,2.3,Mental Health / Well-being,Phobias among Teenagers,Discuss common fears and phobias among Hong Kong teenagers.,Common fears that Hong Kong teenagers have; why they may have such fears; how they can overcome those fears.,Chelonaphobia; fear of public speaking/cockroaches; self-confidence; hypnotherapy; exposure therapy.,1
2025,3.1,Environment / Tourism,Tourism and Animal Welfare,Discuss the effects of tourism on animals and local communities.,Types of tourist activities that involve animals; how these activities may cause harm to animals; possible benefits of these activities for animals and local communities.,Animal welfare policy; elephant tourism; ban on drugged/abused animals; NGO (PETA); travel awareness.,1
2025,3.2,Social Issues / Media,Individual Pop Performers vs Groups,Discuss changes in pop music trends and social media influence.,Whether music groups are popular in Hong Kong; whether it is better to watch a performance by a music group or an individual; how social media has affected trends.,Billboard Hot 100; solo activity (Instagram/YouTube); laptop recording; music instruments; fan culture.,1
2025,3.3,Mental Health / Well-being,Self-Care,Discuss importance of self-care and planning a school Self-Care Month.,Whether Hong Kong students are aware of the importance of self-care; activities to organise during the Self-Care Month; ways to encourage students to take part.,Symptoms of stress; exercise/sleep/diet; pairing activities; mental health NGO; school promotion.,1
2025,4.1,School Life / Culture,Anime and Movie Festivals,Plan a Movie Festival at school.,Whether anime movies would be suitable for the festival; other types of movies that are popular among students; other activities to organise for the festival.,Studio Ghibli; resilience theme; global audience; uncertainty; artistic value; happy endings.,1
2025,4.2,Careers / Mental Health,Personality Tests for Careers,Discuss the use of personality tests (MBTI) in finding a job.,Benefits of using personality tests for choosing a career; problems with using personality tests for choosing a career; other ways to decide how to choose the right career.,16 personality types; identifying strengths; work preferences; employer use; decision factors.,1
2025,4.3,Social Issues / Youth,Scouting and Better World,Discuss starting a Scouting Club at school.,Benefits of Scouting for secondary school students; activities to organise for the club; ways to encourage other students to join the club.,UN goals; ending poverty; nature; community life; World Scout Jamboree; peace/friendship.,1
2025,5.1,Hong Kong Culture / Social Issues,Bamboo Scaffolding,Discuss bamboo scaffolding as a sustainable skill and cultural heritage.,Benefits of using bamboo for scaffolding; ways of improving the safety of bamboo scaffolding; whether bamboo scaffolding is part of Hong Kong's heritage.,Construction skill; 'spiders'; sustainability; bravery/skill; odd/tight spaces; cultural heritage.,1
2025,5.2,Social Issues / Well-being,Energy Drinks and Teenagers,Discuss the impact of coffee and energy drinks on teenagers.,Negative effects of coffee and energy drinks on teenagers' health; what the club can do to make those effects known; whether coffee and energy drinks should be sold to teenagers.,Banning sales; over-caffeinated; heart/blood vessels; health issues; moderation; teenager desire.,1
2025,5.3,Education / Lifestyle,Gap Year,Discuss taking a gap year after secondary school.,Benefits of taking a gap year; challenges of taking a gap year; activities young people could do during their gap year.,Exploring the world; spiritual life; volunteering; career-driven vs. inner peace; life direction.,1
2025,6.1,Environment / Social Issues,Second-hand Luxury Clothes,Discuss a project on second-hand clothing culture in Hong Kong.,What Hong Kong people normally do with their unwanted clothes; why second-hand fashion is growing in Hong Kong; ways to promote second-hand fashion.,Sustainability; Redress NGO; pop-up stores; carbon footprint; reselling online; unwanted clothes.,1
2025,6.2,Education / Culture,Learning Korean Language,Discuss learning a foreign language (Korean) in school.,Why Hong Kong students should learn other languages; which other languages would be popular among students; how students can learn other languages outside the classroom.,K-pop influence; career prospects; trilingual HK; study destination; Asian vs. European.,1
2025,6.3,School Life / Tourism,Adventure School Trips,Discuss adventure trip choices for the school.,Which trip would be most beneficial for students to join; problems and challenges that the students might face on the trip; how to convince parents to let their children join.,Ningaloo Reef (Australia); Volcanic cave (Iceland); Stargazing (Morocco); educational tours.,1
2025,7.1,School Life / Science,Urban Beekeeping,Discuss putting a beehive on the school campus for a project.,Benefits of beekeeping at school; problems that beekeeping could cause at school; other activities that could help students to learn about bees.,Biology project; hives on campus; safety for students; connection with nature; stingless bees.,1
2025,7.2,Technology / Media,Subtitles in Media,Discuss adding subtitles to school Campus TV programmes.,Benefits of adding subtitles to the programmes; whether adding subtitles would be popular among students; type of programmes subtitles are not suitable for.,Campus TV; 18-25 age group; streaming quality; background noise; learning a language.,1
2025,7.3,Technology / Careers,Personal Shopper as a Career,Discuss personal shopping as a job trend vs AI.,Whether being a personal shopper would be a good job for teenagers; if AI will one day replace human salespeople; how shopping will change in the future.,Artificial Intelligence; professional clothing; expert knowledge; face-to-face shopping; future jobs.,1
2025,8.1,Technology / Tourism,Social Media Apps and HK Tourism,Create a video for young tourists visiting Hong Kong.,Famous places to include in the video; activities to show in the video; difficulties your group may face while making the video.,Instagram-like app; photo spots (Kennedy Town); influencers; nostalgic vibe; romantic scenery.,1
2025,8.2,Technology / Lifestyle,History of Video Games (Super Mario),Discuss a class project about video games.,Why people still play classic games like Super Mario Bros; what makes a video game popular for a long time; what video games will be like in the future.,Nostalgia; augmented reality; adventure games; artistic value; superheroes vs. ordinary.,1
2025,8.3,Technology / Careers,LinkedIn Popularity,Discuss the growth of career-focused social media among teens.,Why teenagers may be turning away from other social media sites; whether social media is useful for finding career information; whether students should be concerned about future careers.,Professional network; success at work; positive tone; role models; future job trends.,1
2024,1.1,Technology / Culture,Digital Museums,Discuss why museums put collections online and how local museums compete.,Why some museums want to put their art collections online; how viewing art online is different from viewing it in person; how local museums can compete with digital museums to attract visitors.,Digitisation; bypassing geographic barriers; open access platform; high-resolution technology; interactive/gamified experience; AR (augmented reality); virtual tours; preservation of culture.,2
2024,1.2,Social Issues / Lifestyle,Food Delivery Workers,Discuss the popularity of delivery apps and working conditions.,The popularity of food delivery apps; the challenges/changes of working as a food delivery worker; how to improve the working conditions of food delivery workers.,"Convenience vs exploitation; gig economy; minimum wage; lack of protections (paid leave, insurance); working conditions; ethical dilemma; per-trip payment; job security.",2
2024,1.3,Hong Kong Culture / Lifestyle,'Ugly' Buildings,Discuss whether 'ugly' buildings should be kept or replaced.,Whether it is important for buildings to look attractive; reasons for keeping buildings that many people consider ugly; how to decide whether a building should stay or be replaced.,Aesthetic value vs functionality; cultural heritage; urban renewal; preservation; public opinion; architectural diversity; historical significance; cost of replacement.,2
2024,2.1,Global Issues / Tourism,Tourism Management,Discuss the impact of tourism and management strategies.,"Benefits tourism can bring to a city; problems tourism can bring to a city; whether Hong Kong should follow any of the management strategies (tax, locals first, timed entry, ban).","Sustainable tourism; over-tourism; tourist tax; timed entry; resident quality of life; economic benefits; management strategies (e.g., bans, quotas); balancing local and tourist needs.",2
2024,2.2,Technology / Transport,Driverless Tram for HK,Discuss the driverless tram concept for Hong Kong.,Whether driverless trams are a good idea for Hong Kong; whether the public would like this design; other features which could be added to the tram.,Safety sensors; pedestrian detection; see-through top; futuristic design; wooden counters; forward-thinking spirit; automation; urban transport innovation.,2
2024,2.3,Mental Health / Well-being,Comfort Food,Discuss why people eat comfort food and healthy diet impacts.,Reasons why people eat comfort food; whether comfort food can be part of a healthy diet; other ways to reduce stress and improve mental health.,"Emotional eating; stress relief; nostalgia; nutritional balance; psychological well-being; moderation; cultural comfort foods (e.g., noodles, soup).",2
2024,3.1,Social Issues / Lifestyle,Multi-functional CafĂ©s,Discuss the trend of multi-functional cafĂ©s in HK.,Why multi-functional cafĂ©s are popular; which multi-functional cafĂ© will attract the most customers; what advice you have for people who want to open one.,Experience economy; board game caf?s; pet caf?s; study/work spaces; social hub; unique selling point (USP); diversification; community building.,2
2024,3.2,Technology / Media,Podcasting,Plan a series of podcasts to promote Hong Kong to visitors.,Which type of podcast can best promote Hong Kong; what to include in the podcasts; how to keep listeners interested in the series.,On-demand audio; niche topics; intimate/personal connection; diverse genres; storytelling; ease of access; streaming vs downloading; promoting HK to visitors.,2
2024,3.3,Social Issues / Food,Feeding Communities,Discuss how to help communities in need regarding food security.,Why it is important for young people to help communities in need; which of the two projects (Blue Fridge or Food Angel) would be best for school; what else your school can do.,Food security; zero-waste; Food Angel (food recovery); community fridge (Blue Fridge); social responsibility; volunteering; charity; supporting vulnerable groups.,2
2024,4.1,Education / Careers,Vocational Training in Germany,Discuss job training for secondary school graduates.,What vocational training offers that university does not; how vocational training can benefit society; what would attract more students to join a vocational training course.,On-the-job training; earning while learning; transition to work life; societal value of practical skills.,2
2024,4.2,School Life / Culture,School Book Club,Suggest changes to improve the school Book Club.,Why students should join a book club; why students may not be interested in joining a book club; how to make meetings more interesting and enjoyable.,Moving beyond classics to modern books; avoiding boring vocabulary drills; inclusive discussion; social aspect/snacks.,2
2024,4.3,Hong Kong Culture / Tourism,Smells of Hong Kong,Set up a stall to introduce the different smells of Hong Kong.,Why introducing Hong Kong through smells is a good idea; which three smells best represent Hong Kong and why; ways to attract visitors to your stall.,Street food and stinky tofu; incense in temples; exhaust fumes vs greenery; fragrant harbour identity.,2
2024,5.1,Social Issues / Media,TV Talent Shows,Share views about TV talent shows for a local TV company.,Why TV talent shows are popular; how participants can benefit from being in TV talent shows; what problems participants could face.,Reality TV; quest for fame; public exposure; professional training; pressure/mental health; dream pursuit; audience engagement; commercialisation of talent.,2
2024,5.2,Careers / Social Issues,Top Jobs of the Future,Discuss demand for future jobs for a school job fair.,Why there will be a demand for the jobs mentioned; which jobs will attract the most students; how to promote the job fair.,Job fair; emerging industries; career planning; skill-set requirements; impact of technology/automation; disappearing jobs; future-proofing careers.,2
2024,5.3,Education,Homeschooling,Discuss the idea of homeschooling in Hong Kong.,Pros of homeschooling; cons of homeschooling; whether homeschooling will become more popular in Hong Kong.,Tailored curriculum; flexible schedule; parental involvement; socialisation concerns; formal vs informal education; academic pressure; self-directed learning.,2
2024,6.1,School Life / Culture,Calligraphy Club,Discuss whether a calligraphy club is a good choice for school.,Whether handwriting is still important today; how students can improve their handwriting; activities that can be held by the club.,Penmanship; digital age impact (typing/texting); hand-eye coordination; fine motor skills; cultural identity; art form vs functional skill; therapeutic benefits.,2
2024,6.2,School Life / Environment,Urban Rooftop Farming,Discuss starting an urban farm on the school rooftop.,The benefits of having a farm on the school?™s rooftop; how you will organise the care of the farm; what you will do with the food you grow.,Food imports dependence; unused rooftop space; sustainable skill; environmental benefits; local produce; community bonding; green planet.,2
2024,6.3,Technology / Careers,Teens Earning Money Online,Discuss online job options for secondary school students.,The advantages of working online; the disadvantages of working online; which online job Hong Kong teenagers would be most interested in.,"Gig economy; digital literacy; entrepreneurship; flexibility; risks (scams, overwork); content creation; tutoring; balancing work and study.",2
2024,7.1,School Life / Education,School Trip Planning,Plan a school trip to a local attraction.,The benefits of learning outside of the classroom; what to consider when deciding which attraction to choose; which of these attractions your group would recommend.,"Destination selection (e.g., Science Museum, Tai Kwun); educational value; experiential learning; logistics/arrangement; student engagement; beyond classroom learning.",2
2024,7.2,Mental Health / Well-being,Sleeping Pods in Schools,Discuss buying sleeping pods for the school Health Club.,The benefits of taking afternoon naps; how to promote the use of sleeping pods; whether afternoon naps should be included in the school timetable.,"""Take-A-Nap"" campaign; rest and productivity; mental well-being; campus facilities; time management; health benefits; reducing burnout.",2
2024,7.3,School Life / Hong Kong Culture,Mascot for Cross Harbour Race,Discuss ideas for designing a mascot for the Cross Harbour Race.,What qualities make a good mascot; what to consider when choosing a mascot for the Cross Harbour Race; whether you would recommend using any of the characters shown.,Creative design; brand identity; public promotion; symbolic representation (Victoria Harbour); community participation; character design; sportsmanship.,2
2024,8.1,School Life / Technology,Instant Noodles Exhibition,Discuss including instant noodles in a school exhibition on inventions.,Why instant noodles are popular; whether instant noodles should be included in the exhibition; other inventions that could be included.,"Global invention; convenience; nutritional concerns (salt, additives); cultural icon; food technology; exhibition planning; impact on modern lifestyle.",2
2024,8.2,Technology / Global Issues,Private Space Travel,Discuss the issue of private space travel.,The benefits of private space travel; the disadvantages of private space travel; whether private space travel should be encouraged.,Space tourism; billionaires' hobby; environmental impact; technological advancement; high cost; safety concerns; future of humanity; research potential.,2
2024,8.3,Technology / Careers,Shopping on Social Media,Discuss a project on shopping on social media.,The benefits of shopping on social media; the benefits of selling on social media; how shopping through social media may affect traditional businesses.,Social commerce; trust and security; consumer protection (scams); convenience; influencer influence; impact on traditional retail; product quality concerns.,2
2023,1.1,Technology / Society,Unmanned convenience stores in Japan,Discuss the benefits and limitations of unmanned convenience stores.,The benefits of unmanned convenience stores; the limitations of unmanned convenience stores; whether unmanned convenience stores are a good idea for Hong Kong.,Slick checkout systems; reduced human staff; gates to prevent theft; impersonal shopping experience; automation vs convenience.,3
2023,1.2,Technology / Society,Cinemas vs Movie Streaming Services,Discuss the impact of streaming on the entertainment industry and cinemas.,Whether going to cinemas is a popular pastime in Hong Kong; what cinemas can do to compete with movie streaming services; any disadvantages of movie streaming services.,Cost-effectiveness; convenience (anywhere access); original content; impact of COVID; competition strategies for cinemas.,3
2023,1.3,Health / Environment,Plant-based meats (Fake meat),Discuss serving plant-based meats in the school canteen on Green Mondays.,Why plant-based meats are gaining popularity; whether your school should encourage students to take up a vegetarian diet; whether people will eat less meat in the future.,Health and climate change concerns; Cantonese fine-dining with fake meat; essential nature of meat in Chinese cuisine.,3
2023,2.1,Mental Health / Work,Night Owls vs Early Birds,Discuss sleeping patterns and individual body clocks.,The advantages of being a night owl; the advantages of getting up early; whether companies should have flexible working hours for different sleeping patterns.,Health risks of sleep deprivation; genetic vs environmental factors; productivity gains from flexible schedules.,3
2023,2.2,Education / Social Media,Teacher-Student Social Media Ban,Discuss the proposal not to allow teachers and students to be friends on social media.,Why students like to connect with their teachers on social media; problems with connecting with teachers on social media; whether you agree with the proposed policy.,Professional vs personal lines; leaders/role models online; inappropriate photo complaints; school monitoring and safety.,3
2023,2.3,School Life / Hong Kong Culture,Graduation celebration ideas,Plan a graduation celebration for your class.,What to consider when planning a graduation celebration; whether any suggested activities are suitable; how else you might celebrate your graduation.,Outdoor vs indoor; thrill-seeking vs learning; meaningful ways to celebrate; planning considerations (cost/suitability).,3
2023,3.1,Technology / Society,Fashion industry post-pandemic,Discuss people's attitudes towards buying clothes since the start of the pandemic.,How the pandemic has changed the way people dress; how the pandemic has changed the way people shop for clothes; how the fashion industry can cater for these changes.,"Rise of comfortable/casual clothing (sweats, yoga pants); influence of social media (TikTok/Instagram); experimental fashion from home.",3
2023,3.2,Education / School Life,Soji (School Cleaning sessions),Discuss adding cleaning sessions (soji) to the school timetable.,Benefits of adding cleaning sessions to the timetable; possible problems of requiring students to clean the school; cleaning tasks that are suitable for different forms.,Japanese tradition (soji); responsibility and cooperation; sense of self-worth; possible resistance and boring nature of tasks.,3
2023,3.3,Mental Health / Environment,Horticultural therapy,Discuss developing students' interest in growing plants to promote well-being.,What benefits growing plants can bring to students and the school; whether growing plants will be popular among students; what other activities can help promote students' well-being.,Calming nature of plants; stress reduction; nature's impact on heart rate; green spaces in HK schools.,3
2023,4.1,Technology / Health,Wearable smart devices,Discuss new technologies focusing on wearable smart devices.,Why wearable smart devices are becoming popular; the disadvantages of wearable smart devices; whether wearable smart devices should be allowed at school.,Health-tracking data; being less distracted than with phones; privacy concerns; fashionable vs waste of money.,3
2023,4.2,Mental Health / Education,Adaptability quotient (AQ),Brainstorm ideas for a school workshop on adaptability quotient.,Why being adaptable is becoming more important nowadays; whether being adaptable is more important than being intelligent; whether it is possible to teach adaptability.,Learning to change with tech; seeking new experiences; training the brain to be open-minded; risk-taking.,3
2023,4.3,Mental Health / Social Media,Social Media Positivity,Discuss the impact of social media on students' well-being.,What kind of people are popular on social media; the negative effects of social media on users; what the club can do to help promote better social media habits.,Filtering negative feeds; being intentional (limiting time); addiction and self-esteem; lack of compassion online.,3
2023,5.1,Global Issues / Society,DNA tests for family history,Discuss the use of DNA tests to help research family history and personality.,Why people want to know about their family history; whether there are any disadvantages to DNA testing; other ways to find out about your family history.,Curiosity about origins; finding distant relatives; personality traits in genes; disadvantages like privacy or shock results.,3
2023,5.2,Technology / Work,Carousell for Fundraising,Discuss using Carousell to sell products donated by students for a school fundraiser.,The benefits of buying and selling products online; how to organise the donations for Carousell; any problems which might occur from selling online.,"Snap, list, sell model; decluttering; problems like trust or online scams; qualities of entrepreneurs.",3
2023,5.3,Health / Technology,Online fitness classes,Discuss joining online fitness classes with friends.,Advantages of online fitness classes; things to consider when choosing an online fitness class; whether online fitness classes will continue to be popular.,Socializing during distancing; value for money; comfort of home; inactive lifestyle risks; being an active person.,3
2023,6.1,Education / Work,Storytelling in advertising,Discuss using storytelling to advertise a new sports drink called 'Champion'.,Whether storytelling is a good way to advertise; what ideas can be used in a storyline; how to make the advertisement memorable.,Appealing to the heart; creating emotional connections; humor and surprise; effectiveness of celebrities.,3
2023,6.2,Mental Health / Education,Good study habits for S.4,Prepare a sharing session for S.4 students to help them prepare for senior forms.,What challenges S.4 students can expect; how to help S.4 students develop good habits; other advice to give S.4 students.,Avoiding multitasking; study groups; asking for help; time management challenges in senior forms.,3
2023,6.3,Hong Kong Culture / School Life,Performance acts for hire,"Choose one act (Band, Comedian, or Lion Dance) for the school anniversary.",What students would like about each act; other important factors when choosing an act; the best option for the school's celebration.,Cultural value vs entertainment; cost and stage requirements; student preferences; memorable celebrations.,3
2023,7.1,Global Issues / Society,Cultural views of time,Discuss how different cultures view time and punctuality.,Hong Kong people's attitude towards time; whether attitudes towards time are changing; how to live a more slow-paced life.,Time is money mindset; fast-paced vs slow-paced lifestyles; work-life balance in HK; cultural respect and schedules.,3
2023,7.2,Education / Work,Video game developer intern,Discuss whether a summer internship advertisement should be posted for the Career Team.,How students can benefit from internships; whether a video game internship is a suitable choice; ways the Career Team can promote internships.,Knowledge of coding/animation; team work and problem solving; professional vs violent content; career benefits of early level positions.,3
2023,7.3,Environment / Social Media,Wild animals as pets (Otters),Discuss animal conservation and the impact of the Instagram craze on pets.,The advantages of keeping wild animals as pets; the disadvantages of keeping wild animals as pets; how social media may affect the choice of pets.,Otter cafes in Japan; 'cute' animals for likes; lack of correct nutrition and space in homes; animal rights.,3
2023,8.1,Environment / Health,Eating insects,Discuss insects as the future of food for a class project.,How eating insects can benefit people and the environment; why people may not want to eat insects; how to promote insects as food.,Nutritious and green; high protein content; reduced greenhouse gases; cultural resistance to eating bugs.,3
2023,8.2,Health / Society,Walking-friendly cities,Discuss an active lifestyle and cities like Hong Kong.,What makes Hong Kong suitable for walking; what discourages people from walking in Hong Kong; whether you think Hong Kong people are active.,Walkable city design; health benefits (prolonged life); necessity vs choice; convenience and lack of training needed.,3
2023,8.3,Hong Kong Culture / Education,Harbourside Classical Music,Discuss the Harbourside Concert Series and introducing classical music to students.,Whether the Harbourside Concert Series will be popular with young people; how to promote the event in school; other ways to introduce classical music to students.,Spectacular Victoria Harbour backdrop; up-and-coming youth stars; indoor vs outdoor concert preferences; tourism attraction.,3
2019,1.1,Social Issues,Redevelopment of old districts,Discuss problems redevelopment causes for residents and traditional shops.,Why old districts are redeveloped; what problems redevelopments cause; what the government should do to reduce problems for residents.,High rents; forced to leave; loss of traditional flavour; noise complaints; gentrification (hipsters).,4
2019,1.2,Hong Kong Culture,Wedding photography styles,"Discuss different styles of wedding photos (Creative, Glamour, Storytelling, Studio).",Why wedding photographs are important; what is important for wedding photos to show; which style you think is most popular.,Creative/Glamour/Storytelling/Studio; memories; professional quality; sharing; expense vs. value.,4
2019,1.3,Social Issues,Online scams and crimes,Discuss the serious problem of online crime in Hong Kong.,Whether online crime is a serious problem; what type of online crimes students should worry about most; how students should protect themselves.,Romance scams; hacking/passwords; shopping fraud; banking scams; school safety education.,4
2019,2.1,Hong Kong Culture,Fortune telling,Discuss the cultural importance and future popularity of fortune telling in Hong Kong.,Why people like going to fortune tellers; why it is an important part of Chinese culture; whether it will remain popular in the modern world.,Culture/science; palm/face reading; Chinese zodiac; real HK culture; curious travellers; belief.,4
2019,2.2,Technology / Social Media,Screen Time Control app,Discuss whether parents should use software to control students' screen time.,Whether parents should control screen time; advantages and disadvantages of software; whether software is the best way to limit screen time.,Managing usage; Downtime feature; family relationships; trust; blocking adult content; school homework sites.,4
2019,2.3,Global Issues,International sports development,Discuss the development of sport in Hong Kong using Iceland as an example.,Whether Hong Kong is successful in international sport; whether sport is important to HK people; what HK can learn from other countries.,Investing in facilities; training coaches; international culture; interest of athletes; Olympic committees.,4
2019,3.1,Technology / Social Media,Future of social media,Discuss the decline of Facebook among youth and general privacy issues.,Whether young people in Hong Kong use Facebook; advice for people using Facebook; whether social media will continue to be popular.,'Uncool' status; Snapchat trend; privacy/security; checking job applicants; lonely feelings; fake news.,4
2019,3.2,Social Issues,Gender pay gap,Discuss workplace discrimination and reasons why women are paid less than men.,Whether there are differences in job performance; why women are generally paid less; how the gender pay gap could be reduced.,Discrimination; hourly vs. monthly; family care; traditional views; illegal pay differences; safe investment.,4
2019,3.3,School Life,Cheating in school,Discuss the causes and solutions for student cheating and copying homework.,Why students cheat; whether cheating is a common problem; suitable ways of dealing with the problem.,Copying; identical assignments; internet buy-essays; technology aids; detention vs. parent meetings.,4
2019,4.1,Social Issues,Urban politeness,Discuss selfish attitudes and politeness in crowded areas (e.g. lift buttons).,Which point of view you agree with; other situations when crowded places cause problems; how to deal with these problems.,Door close button; selfishness; offering seats; busy people; teaching politeness; city impact.,4
2019,4.2,Hong Kong Culture,Unusual English names,Discuss the trend and problems of using unique/strange English names in HK.,How students choose their English name; suitable and unsuitable types of names; what problems unusual names cause.,Unique ID; brands (Chanel/Rolex); misspellings; business desirability; teacher memory; fashion trends.,4
2019,4.3,School Life,Person of the Year (Role Models),Suggest role models to be selected as 'Person of the Year' to encourage students.,What can be learned from role models; why some students may not select listed nominees; other potential nominees.,Alan Tam (talents); Dodo Cheng (hard work); Sarah Lee (overcoming illness); Carrie Lam (Chief Executive).,4
2019,5.1,Social Issues,CCTV surveillance and privacy,Discuss the introduction of CCTV cameras in school and its effect on privacy.,Advantages and disadvantages of CCTV; what rules there should be about the use of CCTV in school.,Reducing crime; privacy concerns; magic anti-crime system; Hospital Authority cameras; public security.,4
2019,5.2,Education,Studying in mainland China,Facilitate a Q&A about the new HKUST Guangzhou campus and studying on the Mainland.,Why HK universities develop on the Mainland; problems students may face; advice for students thinking about studying on the Mainland.,Academic ties; Nansha location; limited space in HK; studying on Mainland; advice for students.,4
2019,5.3,Global Issues,Space travel and tourism,Discuss whether space travel is a good use of money for a class essay.,Why people are so interested in space travel; whether space tourism will become popular; whether there are better ways to spend money.,SpaceX/Elon Musk; Japanese billionaire; artists in space; lunar orbit; cost (US$150M); space stations.,4
2019,6.1,Environment,Culling wild animals,Discuss whether selective killing should be used to control animal numbers.,Why governments use selective killing; other methods of controlling animal numbers; whether or not you support culling.,Managing population; complaints (monkeys); birth control; feeding wild animals; animal welfare.,4
2019,6.2,Technology / Social Media,Translation apps,Discuss the impact of translation devices on language learning.,Advantages and disadvantages of translation devices; whether they should be allowed at school; whether learning languages is still important.,Google Translate; hotel staff; miscommunication; business/tourism; essential technology.,4
2019,6.3,Social Issues,Risky Selfies,Discuss the popularity and safety concerns of taking selfies in risky places.,Why selfies are popular; dangers caused by taking selfies; why people are willing to take such risks.,Drowning; transport accidents; no-selfie zones; influencers; young victim statistics; photography society.,4
2019,7.1,Hong Kong Culture,Promoting Yuenyeung,Think of a name and promotion strategies for the Hong Kong drink 'Yuenyeung'.,A suitable name for the drink; why this name is suitable; how else the government could promote the drink.,Tea and coffee mix; Tourism Board; mandarin ducks; bubble tea/Coke; cultural promotion.,4
2019,7.2,Hong Kong Culture,Digital lai see,Discuss the shift from real money to e-payments for Lunar New Year lai see.,Why people are using e-payments for lai see; whether real money will remain popular; other changes to Lunar New Year that people might dislike.,Alipay/Apple Pay; convenience; digital era; tradition vs. new habits; Lunar New Year values.,4
2019,7.3,Social Issues,Wealth inequality,Discuss inequality in Hong Kong and ways to help reduce the wealth gap.,Whether Hong Kong is an unequal society; why unequal societies have problems; policies to make Hong Kong more equal.,Gini co-efficient; wealth gap; poorest 10% income; minimum wage; poverty reduction targets.,4
2019,8.1,Social Issues,Co-living,"Discuss the advantages, disadvantages, and rules of co-living spaces for young people.",The advantages and disadvantages of co-living; what rules co-living accommodation should have.,Sharing space; community spirit; affordable rent; private space; safety; safe sleep; safety; university halls.,4
2019,8.2,Social Issues,McSleepers (Homelessness),Discuss the issue of homeless people sleeping in 24-hour McDonald's restaurants.,What problems homeless people face; why they go to McDonald's; how this affects the business.,Housing crisis; 24-hour restaurants; air-con/security; government shelters; kindness; private help.,4
2019,8.3,Global Issues,Age limits for leaders,Discuss whether there should be an age limit for heads of state or government.,Skills a political leader needs; strengths and limitations of older leaders; whether age should be a factor in selection.,Wisdom/experience; physical/mental demands; understanding modern world; age discrimination.,4
2018,1.1,Social Issues / Elderly,Helpers for Elderly,Discuss providing domestic helpers for elderly living alone in public housing.,Why the government suggested the idea; advantages and disadvantages; other ways to help elderly people living alone.,Hiring hassles; crowded space; relationship risks; alternative (care homes); community care vouchers; loneliness.,5
2018,1.2,Hong Kong Culture / Environment,City Farms,Discuss renting a piece of farmland near school for a class farm.,The benefits of renting farmland; whether students would be interested; how to organise a class farm.,Getting back to nature; growing food; community atmosphere; school farming; young vs. old interest; food taste.,5
2018,1.3,Education / Technology,Texting Teachers after Hours,Discuss students and teachers texting each other via instant messaging.,Why students and parents want to text teachers; advantages and disadvantages; what schools can do to improve communication.,Real-time communication; WhatsApp groups; leisure time; professional boundaries; rules about texting.,5
2018,2.1,Technology / Social Issues,Cashless Society,Discuss a society where paper money and coins are no longer used.,Why shops prefer phone payments; problems a cashless society may cause; whether HK should be cash-free in the near future.,City hunt/silly tasks; campfire; bonding/friendships; adapting to university; organizing by students.,5
2018,2.2,Technology / Law,Fake News and Censorship,Prepare for a debate on whether the internet should be censored due to fake news.,Arguments for and against the motion; which side would be easier to argue.,Short distance commutes; affordable; solar panels; parking issues; government safety; sharing economy.,5
2018,2.3,Education / Social Issues,Cash Gifts for Candidates,Discuss a scheme giving HK$5000 to DSE candidates.,Advantages and disadvantages; whether students will spend money wisely; whether it should be available for all HK students.,Unconditional cash; focusing on exams; poverty districts; managing money; charity for wealthy.,5
2018,3.1,Mental Health / Technology,Doing Nothing,Discuss why letting students do nothing can be a good thing.,Whether students have enough free time; advantages and disadvantages of doing nothing; explaining the value to parents.,Tech addiction; boost creativity; new hobbies; stress relief; daydreaming; restricted imagination.,5
2018,3.2,School Life / Technology,E-sports Festival,Discuss holding an inter-school e-sports festival at your school.,Advantages of holding the festival; possible problems that may occur; how to promote the festival.,Professional gaming career; addiction vs. success; government grants; promote festival; PE lessons.,5
2018,3.3,School Life / Careers,Being a Firefighter,Discuss giving a presentation on being a firefighter as a career.,Skills and qualities needed; advantages and disadvantages of the job; activities to help students learn about the job.,Protecting community; trustworthy; salary/rewards; training; male vs. female roles; dangerous scenarios.,5
2018,4.1,Social Issues / Youth,Criticism of Young People,Discuss famous people's criticism of the younger generation.,Why older people criticise the younger generation; whether the criticism is fair; the biggest challenge for young people today.,Lack of hunger/drive; easy life; importance of hard work; talent development; understanding different generations.,5
2018,4.2,Social Issues / Hong Kong Culture,Moving to Taiwan,Discuss the trend of Hongkongers moving to Taiwan.,Differences between Hong Kong and Taiwan; advantages and disadvantages of living in Taiwan; the most important factor in the decision.,High rent/hectic life (HK) vs. slow pace (Taiwan); cost of living; quality of life; emigrating; staying in touch.,5
2018,4.3,Education,Attendance Policy,Discuss attendance policies in education (HKBU example).,Advantages and disadvantages of the policy; whether it will be successful; whether it could be applied to secondary schools.,Responsible decisions; quality of teaching; video lectures; maturity; face-to-face vs. online learning.,5
2018,5.1,School Life / Sports,Boxing in Schools,Discuss whether boxing should be promoted in HK secondary schools.,Why Rex Tso is a suitable speaker; how to persuade him to visit; whether boxing should be promoted in schools.,Reaching dreams; lack of childhood; fame; stress; mature age for competition; school organization.,5
2018,5.2,Social Issues / Family,Talent Shows,Discuss opinions on talent shows and children taking part.,Why talent shows are popular; advantages and disadvantages of taking part; whether parents should let children participate.,Life goals; working hard; self-control/discipline; danger vs. reward; gender equality in sport; taking risks.,5
2018,5.3,Hong Kong Culture / Environment,Victoria Harbour Improvement,Propose facilities that could improve the Victoria Harbour front.,What people might enjoy doing at the waterfront; suitable facilities; how to promote the new facilities.,Floating walkways; leisure travel (ferry); recreation; dull vs. flourishing; accessible to public; symbol of HK.,5
2018,6.1,Technology / Social Issues,Drones in HK,Discuss a project on drones (usage and regulations).,Why drones are popular and useful; what problems they might cause; rules for flying drones in Hong Kong.,Flight safety; photography; restricted areas; popular locations; misuse potential; police use for crime reduction.,5
2018,6.2,Social Issues / Social Media,OCamp Culture,Discuss an OCamp for new S1 students at your school.,Advantages and disadvantages of an OCamp; activities to help students get to know each other; how to organise activities.,Misinformation; journalism; asking questions; awareness; government control; TV vs. internet news.,5
2018,6.3,Social Issues / Education,Teenage Dating Rules,Discuss whether there should be guidelines about secondary school students dating.,Whether you agree with no-dating rules; advantages and disadvantages of dating; guidelines or advice schools should give.,Immature love; academic performance; social skills; parental feelings; China's distance rule; communication.,5
2018,7.1,Mental Health / Well-being,Music Therapy,Suggest a suitable music therapy activity (Gong Baths) for a school room.,Suitability of a gong bath; other suitable music therapy activities; how to promote music therapy at school.,Reducing stress; harmonious sound; instant emotional effect; sleep improvement; traditional vs. modern relaxation.,5
2018,7.2,Environment / Education,Paperless Classrooms,Discuss introducing 'paperless classrooms' at school.,How schools can become paperless; what challenges there will be; whether it will be successful.,Green initiatives; banning bottled water; digital handouts; laptop use; sustainability; IT improving education.,5
2018,7.3,Social Issues / Careers,Summer Job Traps,Organise an activity to raise awareness of employment traps for summer jobs.,Advantages and disadvantages of summer work; how to raise awareness of traps; suitable summer jobs for students.,Scams/pocket money; personal data; high salary traps; safety regulations; parental encouragement; school arrangement.,5
2018,8.1,Mental Health / Well-being,Animal Therapy,Discuss keeping pets at school for animal therapy.,Advantages and disadvantages of animal therapy; suitable animal types; how animals would be looked after and help students.,Relaxing/comfort; lowering blood pressure; looking after pets; emotional support; animals in hospitals.,5
2018,8.2,Social Issues / Hong Kong Culture,Bike-sharing,Discuss businesses which offer sharing services in HK.,Advantages of bike-sharing; problems and solutions; other sharing services that could be introduced.,QR codes; convenience; digital transition; Octopus vs. cash; security; impact on elderly; developed country sign.,5
2018,8.3,Hong Kong Culture / Media,Decline of TVB,Discuss the fall in the number of viewers for TVB.,Why TVB was successful in the past; why viewers are declining; whether it can be successful again.,Lack of investment/creativity; same props; Korean drama trend; internet craving; free TV support.,5
2017,1.1,Social Issues,Working in Shenzhen,Discuss whether Hongkongers could benefit from working in Shenzhen.,Advantages and disadvantages; popularity trends; advice for those interested.,Economic growth; cultural differences; cost of living; social media bans (Facebook/Twitter); traffic; dream jobs.,6
2017,1.2,Hong Kong Culture,Filial Piety (Money),Write a reply about the tradition of giving money to parents.,Reasons people give money; whether the tradition should continue; other ways to show respect.,Showing respect/honor; love expression; tradition vs. financial pressure; ancestor worship; parental expectations.,6
2017,1.3,Hong Kong Culture,Book Fair Themes,Discuss the idea of a theme for a future Hong Kong Book Fair.,Why the fair is popular; suitability of past themes; possible future themes.,Kung Fu literature; promoting Chinese culture; novelty/freshness; encouraging reading; local culture representation.,6
2017,2.1,Hong Kong Culture,Cantonese Importance,Discuss the importance of Cantonese in everyday Hong Kong life.,Problems for non-speakers; advantages of learning; ways to help people feel connected.,Day-to-day living; isolation; understanding culture; social circle limits; job requirements; language proficiency.,6
2017,2.2,Technology / Social Media,Online Charity (Ice Bucket),Consider if online fundraising activities are suitable for schools.,Reasons for success; other online activities to raise money; popularity of suggestions.,Viral marketing; raising awareness vs. funds; easy contribution; social media power; student involvement in charity.,6
2017,2.3,Social Issues,Weather Warning Signals,Discuss how suitable current weather signals (HKO) are in Hong Kong.,Advantages; problems for families/schools/businesses; possible improvements.,Typhoon warnings; economic impact; scientific data vs. business needs; school closures; signal confusion.,6
2017,3.1,Mental Health / Well-being,Developing EQ,Discuss developing younger students' EQ for a study support scheme.,Problems affecting emotions; importance of EQ; how schools can help development.,Emotional intelligence; financial success; depression/anxiety; family/community links; social skills; unprepared for work.,6
2017,3.2,School Life,Modern Libraries,Provide suggestions on how modern libraries could attract more teenagers.,What youth like about libraries; reasons they don't use them; new activities to attract people.,Smartphone impact; reading culture decline; e-book statistics; killing time/air-con; exam papers as most borrowed; future change.,6
2017,3.3,Social Issues,Road Safety,Discuss road safety in Hong Kong for a visit by Transport Police.,Falling accident rates; common causes; safety measures for road users.,Technology advances (air-bags); human factors (texting/drink-driving); pedestrian rules; lower accident rates; cycle paths.,6
2017,4.1,Mental Health / Well-being,Singing in Parks,Discuss outdoor music performances for the elderly in parks.,Why elderly enjoy singing in parks; problems with performances; ways to overcome problems.,Noise complaints; social connection; venues for elderly; electronic music ban; free activities; retirement quality.,6
2017,4.2,Social Issues,Legal Ages,"Discuss whether various legal ages (tattoos, driving, marriage) are suitable.",Reasons for age limits; why limits differ across activities; whether limits should change.,Tattoos; working age; marriage; driving/smoking; maturity; internet fads; government responsibility.,6
2017,4.3,Mental Health / Well-being,Hikikomori,Discuss young people withdrawing from society and social contact.,Reasons for avoiding contact; problems for families; how to overcome these issues.,Bedroom isolation; technology dependency; social pressure; embarrassment; family communication; spending time alone.,6
2017,5.1,Education,Boot Camps,"Discuss whether boot camps for ""spoiled children"" are suitable for Hong Kong.",What children learn; popularity with HK parents; other methods to encourage independence.,Over-protection; building independence; basic conditions; spoiled kids; managing disappointment; army-style training.,6
2017,5.2,Mental Health / Well-being,Mood-enhancing Foods,Discuss whether mood-enhancing foods are suitable for schools.,School foods and their impact on mood; school menu offerings; benefits of mood-enhancing foods.,Dark chocolate/protein; avoiding sugar/processed food; healthy eating; brain health; junk food effects; awareness.,6
2017,5.3,Education,Teacher's Role in Success,Debate whether good teachers are the most important factor in educational success.,Arguments for and against the motion; ease of argument.,Great teacher myth; hard work by students; inspiration; educational factors; repetition/practice; teacher respect.,6
2017,6.1,Technology / Social Media,Smartphones in China,Discuss the sales and influence of iPhones and smartphones in China.,Benefits to people; reasons for stalled growth; future success of iPhones.,Market demand; price/inexpensive devices; innovation; status symbols; local rivals; technology changing future.,6
2017,6.2,Technology / Social Media,Online Games Day,Discuss introducing an 'Online Games Day' at school based on studies.,Benefits of playing online games; possible activities; potential problems setting it up.,Solving puzzles; maths/reading skills; educational games; parental worry; technology in school; test score improvement.,6
2017,6.3,Education,Working Holidays,Discuss the advantages and suitability of working holiday jobs for students.,Advantages; suitability of advertised jobs; other types of suitable jobs.,Learning skills; fruit picking/farm hand; sailing boats; international qualifications; funding travels; remote location problems.,6
2017,7.1,Social Issues,Blood Donation,Organize a Red Cross blood donation event for students and staff.,Importance of giving blood; encouragement strategies; suitable times and locations.,Red Cross; hospital supplies; new donors; health benefits; parent permission; long-term supply; fear of needles.,6
2017,7.2,Hong Kong Culture,Travel Book Cover,Select one photograph to represent Hong Kong on a travel book cover.,Tourist attractions; representation of HK; final photograph choice.,Victoria Harbour; Big Buddha; Geopark; densely populated flats; heritage (nunnery); international city image.,6
2017,7.3,Social Issues,Bus Lanes and Traffic,Debate whether more bus lanes are needed in Hong Kong.,Convenience of buses; suitability of bus lanes for congestion; other solutions to traffic.,Traffic jams; pollution; fairness to car owners; priority lanes; public transport usage; journey times.,6
2017,8.1,Social Issues,Age Discrimination,Discuss discrimination against older people regarding work and social equality.,Advantages of elderly working vs not working; reducing discrimination.,Equal Opportunities Commission; seniors' expertise; forced retirement; work opportunities; unfair treatment.,6
2017,8.2,Environment,Littering Fines,Discuss whether fines and penalties effectively keep Hong Kong streets clean.,Elderly cleaner case study; effectiveness of fines; problems caused by penalties.,Underprivileged cleaners; individual responsibility; pollution crackdown; government advertising; anti-social behavior.,6
2017,8.3,School Life,Graduation Night Hike,Discuss preparation for a graduation night hike and camping trip.,Popularity of night hiking; packing list; problems that might be faced.,Celebration of graduation; items to take; safety/navigation; environment protection; mountain bikes on paths.,6
2016,1.1,School Life / Social Issues,Overseas Charity Work,Discuss the kinds of charity work your school could be involved in.,Benefits of overseas work; concerns; whether it should be a school requirement.,Poverty awareness; privileged lives; long-term difference; school requirements; cost; giving time vs. money.,7
2016,1.2,Social Issues / Lifestyle,Spacebox (Storage),Decide whether starting an on-demand storage business is worthwhile.,Business viability; improvement ideas; advertising strategies.,Tiny apartments; decluttering stress; on-demand service; advertising methods; lack of space; possessions vs. happiness.,7
2016,1.3,Education,Forest Kindergarten,Discuss whether learning through play should be a regular part of education.,Childhood games; pros and cons of play at school; regular education suitability.,Outdoor exploration; creativity; unstructured play; dirty clothes/running around; sitting still vs. natural energy.,7
2016,2.1,Social Issues / Technology,Phone Scams,Discuss a presentation on how to avoid different kinds of scams.,Types of scams; possible victims; avoidance strategies.,Phone fraud; personal data; crime-prevention; psychological weaknesses; clicking links; educating the public.,7
2016,2.2,School Life / Hong Kong Culture,Street Artist Mural,Discuss plans for an Open Day mural painting by artist Bao Ho.,Imagery to include; appropriate location; how the artist helps celebrate Open Day.,Bao characters; mural art; freestyle; 50th anniversary; art vs. academic skills; street art popularity.,7
2016,2.3,Social Issues / Lifestyle,Adults Living at Home,Discuss the idea of living with parents when you are in your 20s.,Benefits and disadvantages; ways to maintain independence.,Expensive property; independence; respect for elders; privacy sanctuary; tradition in HK; moving out costs.,7
2016,3.1,Technology / Education,Educational Apps,Discuss apps to buy for school computer tablets.,Utility of specific apps; other types needed by HK students; disadvantages of apps.,Maths formulae; language study; organization (Studious); biology (Mice Dissection); logical thinking; unfair advantage.,7
2016,3.2,Hong Kong Culture / Tourism,Taxi Driver Image,Discuss the image of Hong Kong taxi drivers and suggest improvements.,Reasons for rising complaints; improvement steps; promotion to tourists.,Overcharging; refusing hire; Uber competition; reputation; promoting taxis to tourists; penalties for misconduct.,7
2016,3.3,Environment / Social Issues,Wild Boars,Prepare a debate on protecting versus shooting wild animals.,Arguments for and against; ease of argument.,Densely populated areas; safety vs. cuteness; hunting clubs; wild animals as pets; urban-wildlife encounters.,7
2016,4.1,Education / Technology,Programming vs History,Discuss replacing history/geography with computer programming in the curriculum.,Importance of history/geography; primary school programming; alternative subjects.,Advanced computer skills; logical thinking vs. learning from the past (history); global citizenship (geography); future job security.,7
2016,4.2,Social Issues / Youth,After-School Hangouts,Discuss places where students can socialise after school.,Importance of socialising; popularity of specific places; alternative hangouts.,Space Museum; HK Park; baking classes; study vs. fun; parental concerns; negative teen stereotypes.,7
2016,4.3,Hong Kong Culture / Food,Private Kitchens,Discuss a project on dining experiences in Hong Kong private kitchens.,Advantages and disadvantages; impact on the restaurant industry.,Unique dining experience; unlicensed/private clubs; safety requirements; impact on restaurant industry; food quality vs. cost.,7
2016,5.1,Hong Kong Culture / Media,Busking in HK,Discuss a reply to a letter to the editor about busking in HK.,Agreement with viewpoints; improving busking quality; government encouragement.,Quality of performance; street begging vs. art; government permits; musical talent; public amusement/nuisance.,7
2016,5.2,School Life / Culture,History Events Day,Discuss organizing a history week focusing on a specific period.,Period choice; important features; school events to organize.,Living in the past (1940s); spirit of era; hardship vs. escapism; historical figures; learning from history repeats.,7
2016,5.3,Mental Health / Technology,Empathy vs Digital Media,Discuss students' use of electronic devices and impact on empathy.,Negative effects on youth; importance of social skills; face-to-face interaction.,Face-to-face interaction; empathy; nonverbal cues; digital addiction; social skill decline; parental control.,7
2016,6.1,Hong Kong Culture / Social Issues,Walkable HK,Discuss a campaign leaflet to make Hong Kong a more walkable city.,Challenges for pedestrians; improvement suggestions; leaflet organisation.,Car-oriented vs. pedestrian-friendly; footbridges; carbon-neutral; street crossings; sense of community; fitness.,7
2016,6.2,Social Issues / Law,Singapore Laws for HK,Discuss a proposal to introduce strict laws similar to Singapore in HK.,Reasons for implementation; possible consequences; fairness of punishments.,Cultural appreciation; decoration; promoting HK; atmosphere; items to sell; western vs. local style.,7
2016,6.3,Social Issues / Hong Kong Culture,HK-themed Coffee Shop,Discuss ideas for a Hong Kong-themed coffee shop in Shanghai.,Items to sell; promotional themes; decoration ideas.,Chewing gum ban; photography on trains; littering fines; public flushing; fairness of punishments; crime reduction.,7
2016,7.1,Education / Social Issues,Competitive Games,Discuss whether Hong Kong schools should treat all children as winners.,Pros and cons of participation trophies; importance of learning to lose; discouraged games.,Participation prizes; learning how to lose; building character; pressure to win; competitive games; cheating.,7
2016,7.2,Technology / Language,Emoji Culture,Discuss ways people communicate in the 21st century (Word of the Year).,Advantages of emoticons; emoticon as Word of the Year; popularity of visual language.,Visual communication; digital era evolution; pictographic script; interpretation; forget how to write properly.,7
2016,7.3,Mental Health / Education,Meditation in Schools,Discuss whether meditation training should be introduced in secondary schools.,Reasons for teaching meditation; introduction methods; problems faced by schools.,Reducing anxiety; improved focus; overscheduled teens; self-soothing; mental health; realistic implementation.,7
2016,8.1,School Life / Family,Twins Project,Discuss a school project on the subject of twins.,Possible content; data collection methods; presentation style.,Identical twins; treatment as individuals; twin magic; difficulties for parents; separate classes; genetic interest.,7
2016,8.2,Social Issues / Social Media,Online Shaming,Discuss students' behaviour and image on social media (drinking/shaming).,Importance of social media image; acceptable behaviour; problems youth face online.,Drinking less/avoiding shaming; tagging dangers; permanent footprint; privacy; shaming; monitoring usage.,7
2016,8.3,Social Issues / Technology,Bicycle Safety,Discuss bicycle safety in HK and recommend safety gadgets.,How to be safe cycling; pros and cons of specific gadgets; final recommendations.,LED lights (Revolights); signal units; inflatable helmets (Hovding); cycle paths; government encouragement; MTR rules.,7
2016,9.1,Education / Culture,Story Vending Machines,Discuss ways to encourage the reading of literature.,Interest levels in literature; effectiveness of vending machines; other promotion ways.,Free literature; killing time; technological world; reading culture; promote reading; electronic devices vs. paper.,7
2016,9.2,Social Issues / Education,Left-handed Children,Discuss activities for International Left-Handers Day at school.,Frustrations for left-handed people; overcoming difficulties; event activities.,Right-handed implements; handwriting; higher IQ potential; sports advantage; International Left-Handers Day.,7
2016,9.3,Technology / Social Issues,Texting While Walking,Discuss ways to raise awareness about texting while walking.,Problems caused by smartphone use; effectiveness of texting lanes; awareness methods.,Smartphone addiction; distracted walking; preventing accidents; design projects; societal problems; punishment.,7
2015,1.1,Technology / Social Media,Selfie gadgets,Recommend two gadgets for taking better 'selfies'.,Popularity of selfies; advantages and disadvantages of gadgets; final selection.,"Selfie shutter, stick, apps, and specialized phones; creative expression vs. self-love; pros/cons of equipment.",8
2015,1.2,Global Issues / School Life,Memory Box for Moon,Discuss what to put inside a school digital memory box sent to the moon.,Purpose/theme; suggested items; student and teacher involvement.,"Personal messages, photos, songs; theme of the box; involving the school community in space exploration.",8
2015,1.3,Sports / Global Issues,Youth Olympic Games,Organize activities for the Sports Society based on Olympic values.,Suitable activities for students; activities based on values; community involvement.,"Chat with champions; career planning for athletes; global topics (fair play, health); community involvement.",8
2015,2.1,Education / Work,Doll hospital,Discuss whether a doll hospital would be a good business idea in HK.,Reasons for repairing toys; business success in HK; marketing strategies.,Restoring childhood memories; passing toys to generations; marketing strategies for niche services.,8
2015,2.2,Education / Work,Elective courses,"Discuss new senior courses (Firefighting, Media, Fisheries, or Business Law).",Benefits for students; difficulties in introduction; popularity among students.,Practical benefits vs. academic challenge; difficulty of implementation; popularity among students.,8
2015,2.3,Global Issues / Education,Mission to Mars,Invite Alyssa Carson to give a talk to the school's Astronomy Club.,Reasons for invitation; talk topics; other visit activities.,Determined goal-setting; training steps; inspiring others; risks of space travel.,8
2015,3.1,Education / Technology,Bring Your Own Device,Discuss introducing a 'BYOD' policy in school.,Benefits and problems; prevention strategies; useful subjects for mobile devices.,Accelerated learning vs. distractions; filtering online material; specific subjects where tech is useful.,8
2015,3.2,Education / Work,Top Jobs,"Organize a career planning workshop about top jobs (Developer, Nurse, Vet, Nutritionist).",Required skills; popularity among students; making the workshop interesting.,"Required skills for developers, nurses, vets; popularity of sectors; making workshops interesting.",8
2015,3.3,Society / Global Issues,Endless City project,Discuss the proposal for vertical city skyscraper designs.,Included facilities; pros and cons of living there; popularity in HK.,"Space-saving in dense cities; internal ecosystems (parks, shops); communication/interaction in vertical designs.",8
2015,4.1,Technology / Society,Online writing (Mr. Pizza),Prepare an article for the school magazine on how to be an online writer.,Advantages of writing online; problems faced; censorship issues.,Direct feedback and fame; adult themes/censorship; dealing with 'nasty' comments or hate; use of local slang.,8
2015,4.2,Education / Work,Generation Y,Design a workshop for Gen Y school leavers regarding the workplace.,Agreement with Gen Y description; popular employer measures; workshop interest.,Perceived lack of loyalty/patience vs. tech-savviness; flexible working hours; casual environments; mentorship.,8
2015,4.3,Education / Environment,Antarctica Study Tour,Discuss the possibility of going to Antarctica for a study tour.,Location suitability; difficulties for students; student selection process.,Environmental/ecological data collection; physical preparation/first aid; high cost and funding challenges.,8
2015,5.1,Global Issues / Society,Military service,Prepare for a debate on whether compulsory military service is a good idea.,Arguments for and against; service for women.,National defense vs. 'waste of time'; alternative non-military duties; celebrity cases of avoidance; inclusion of women.,8
2015,5.2,Technology / Society,Robots in Service,Write an article about benefits and problems of robots in restaurants/hotels.,Advantages; reasons for opposition; other industries that could benefit.,Reliability and cost-efficiency (no salary); impersonal nature vs. polite conversation; automation of cooking/serving.,8
2015,5.3,Technology / Global Issues,Essential items,Discuss the most essential items for day-to-day living in Hong Kong.,Differences from British survey; order of importance; generational differences.,Reliance on the internet; technology dominating routines; differences between generations; luxury of being connected.,8
2015,6.1,Education / Work,Leadership training,Discuss which camp (Youth Adventure or Public Speaking) is best for students.,Suitability; selection criteria; addressing concerns about the camp.,Team building and raft building vs. public speaking skills; identifying student leaders; addressing safety/cost concerns.,8
2015,6.2,Environment / School Life,Upcycling waste,"Upcycle an item (tyre, t-shirt, or book) for a school campaign.",Choice of item; difficulties; selling the upcycled product.,Environmental impact (reducing garbage stream); creativity vs. high-end quality; difficulties in repurposing materials.,8
2015,6.3,Education / Global Issues,STEM Gender gap,Discuss the number of girls and boys taking STEM subjects.,Reasons for fewer girls in STEM; school/university encouragement; persuading parents.,Male-dominated environments; parental discouragement; single-sex vs. mixed school benefits; global competitiveness.,8
2015,7.1,Mental Health / Society,Dialogue Experience,Discuss which 'in the dark' event is most suitable for a class OLE.,"Benefits of events (Dinner, Simulation, Concert); final choice.","Sharpening other senses (hearing, touch, smell); empathy for blind people; role reversal; sensory journey.",8
2015,7.2,Hong Kong Culture / Environment,HK Photo Contest,"Discuss entering a contest with themes like Poverty, Ugliness, or Wildlife.",Benefits of participation; theme recommendation; photo subjects.,Visual expression as communication; social responsibility; creating a photographic history; creativity and technique.,8
2015,7.3,Education / School Life,Student of the Year,Interview Tam Pok-man for an article on making the most of school life.,Lessons from Pok-man; biographical details; making the article interesting.,Balancing academics and extra-curriculars; passion for subjects; community service; humble attitude and enthusiasm.,8
2015,8.1,Society / Global Issues,Celebrity Justice,Discuss celebrity and crime as members of the Liberal Studies Society.,Punishment fairness; reasons for different treatment; supporting celebrities after crimes.,Community service vs. fines; public goodwill towards idols;Role models; whether punishments fit the crime.,8
2015,8.2,Education / Health,School starting age,Debate whether starting school before six does more harm than good.,Arguments for and against; personal stance.,Need for play and social skills; health effects of being pushed too fast; natural development vs. formal instruction.,8
2015,8.3,Environment / School Life,Snakes in HK,Decide between a photography field trip or a snake expert talk.,Preference and reasons; promotion; questions for the expert.,Overcoming fear through education; snakes as part of the ecosystem; remaining calm and respecting nature.,8
2015,9.1,Technology / Social Media,YouTube stars,Decide which YouTube star to invite to give a talk at school.,Pros and cons of choices; talk topics; other visit activities.,Educational value of YouTube; influence of brands; relatable content; why teens prefer YouTubers to movie stars.,8
2015,9.2,Health / Technology,Standing desks,Prepare a presentation to introduce standing desks to classmates.,Advantages and disadvantages; making the presentation interesting.,Risk of early death from sitting; alternating positions for blood flow/calories; impact on concentration and task performance.,8
2015,9.3,Society / Education,Adopt-A-Grandparent,Discuss starting an Adopt-A-Grandparent programme at school.,Activities for grandparents; programme benefits; organization details.,Bridging the generation gap; role models for children; sharing skills and stories; benefits for both seniors and students.,8
2014,1.1,Technology,Abandoning Email,Discuss writing emails in lives after leaving school.,Usage among youth; formal email challenges; advantages over other communication.,Email is seen as old/formal; slow process of signing in; advantages over other communication; informal vs. formal correspondence.,9
2014,1.2,Social Issues / Youth,Airport Ambassador,Discuss the Airport Ambassador Programme for youth.,Need for ambassadors; difficulty for youth; necessary qualities/skills.,Assisting travelers; youth eligibility (18-24); greeting passengers; language proficiency; difficulty for young people; career benefits.,9
2014,1.3,Social Issues / Family,Helicopter Parenting,Discuss views about helicopter parenting for a letter to the editor.,Qualities of good parents; pros/cons of helicopter parenting; parent-child relationship complaints.,Over-protection vs. freedom; teaching decision-making; child safety; impact on success; communication between parents and children.,9
2014,2.1,Social Issues / Social Media,Food Photos,Discuss taking photos of food for a food blog project.,Popularity reasons; negative effects; blog assembly.,Mental health indicator; obsession vs. passion; sharing on social media; blog creation; food photography as art; restaurant bans.,9
2014,2.2,Hong Kong Culture,Street Culture,Discuss what to include in a presentation about street culture in HK.,Negative perceptions; popularity reasons; changing public attitudes.,Street art/dance/graffiti/skateboarding; negative labels (troublemakers); government recognition; value as art/sport; school promotion.,9
2014,2.3,Global Issues / Well-being,World Happiness,Discuss a talk comparing Switzerland and Hong Kong regarding happiness.,"Healthcare, education, talent, infrastructure comparisons; ranking improvements.",Healthcare; education quality; talent/innovation; infrastructure; internet connectivity; comparison of UN rankings.,9
2014,3.1,Education / Language,Teen Slang Dictionary,Discuss a project to compile a dictionary of English words used by teenagers.,Source collection; word selection criteria; interesting presentation methods.,Social media influence; offensive/controversial terms; viral language; reliable sources; presentation methods; slang in language learning.,9
2014,3.2,Education,Finland Education,Discuss Finland's education system for a Critical Thinking class.,Positive aspects of Finland vs HK; feasibility of Finnish methods in HK.,No standardized tests; no homework; equality over excellence; master's degree for teachers; start school at age 7.,9
2014,3.3,Hong Kong Culture / Tourism,Waterfront Ferris Wheel,Discuss the proposed ferris wheel on the Central waterfront.,Need for attractions; suitability of a ferris wheel; alternative land uses.,Unique experience for locals/tourists; prime location cost; copycat concerns (London Eye); alternative land use (playgrounds/restaurants).,9
2014,4.1,Social Issues / Social Media,Cyber-spying on Kids,Discuss communicating with parents through social media.,"Parental access to accounts; monitoring reasons; ""friendship"" on Facebook.",Fake identities; monitoring online activity; privacy levels; parent-child friendship on Facebook; embarrassing photos; trust issues.,9
2014,4.2,Social Issues / Lifestyle,Couponing,Discuss the culture of using coupons.,Types of coupons used; reasons for popularity; potential disadvantages.,Saving money; hobby vs. necessity; online deals/blogs; potential disadvantages; impact on shopping behavior.,9
2014,4.3,School Life / Culture,Superheroes,Discuss how to get a school Superheroes Society started.,Representative superhero choice; membership attraction; society activities.,Batman (intellect); Sailor Moon (inner strength); Monkey King (traditional power); attracting members; role models; extraordinary powers.,9
2014,5.1,School Life / Culture,International Film Day,Discuss organizing an International Film Day for the Movie Club.,Appeal to students; benefits of the event; opening film choice.,Language/subtitles; opening film selection; cultural exposure; organizing a festival; popularity factors.,9
2014,5.2,School Life / Science,Dinosaur Hunter Visit,Discuss preparing for a visit from Dr. Xu Xing.,Interesting life/career aspects; questions to ask; visit activities.,Fossil study; hard work and luck; scientific discoveries vs. business; field trips; importance of studying dinosaurs.,9
2014,5.3,Mental Health / Well-being,Health Mistakes,Discuss what to include in a workshop about common health mistakes.,Prevalence in HK; top three 'mistakes'; making the workshop interesting.,Showering daily; sleeping too little; heavy schoolbags; over-exercising; skipping breakfast; daily routines; health information.,9
2014,6.1,School Life / Sports,Team Sports,Discuss what to include in a presentation about team sports.,Benefits and disadvantages vs individual sports; promotion in HK.,Commitment/punctuality; teamwork; reducing bullying/violence; cost/tough training; handling failure; promoting sports in HK.,9
2014,6.2,Education / Technology,E-textbooks,Discuss whether schools should replace traditional textbooks with e-textbooks.,Benefits of e-textbooks vs traditional; impact on learning.,Paperless; note-taking/highlighting; search functions; costs/subsidies; portability; government support; performance impact.,9
2014,6.3,Social Issues / Education,Student Debt,Discuss financial problems tertiary students face for a letter to a newspaper.,Expenses; loan problems; value of a degree.,Government loans; student debt; part-time jobs; interest rates; value of a degree; financial pressure; scholarships.,9
2014,7.1,Education / Social Issues,Courtesy Classes,Discuss introducing compulsory courtesy classes in HK secondary schools.,Compulsory status; curriculum content; target age group.,Polite conversation; table manners; etiquette (telephone/email); respecting elderly; dressing properly; beneficial age groups.,9
2014,7.2,Social Issues / Well-being,Impact of LEGO,Discuss a project about the impact of LEGO on young people.,Popularity; reasons for success; pros and cons of varied LEGO figures.,Emotional development; war-related themes; popularity vs. video games; pros/cons of facial expressions; reputation; age restrictions.,9
2014,7.3,Social Issues,Advertising Ethics,Prepare for a debate on whether advertising does more good than harm.,Positive and negative effects on society; prohibited products.,Consumer exposure; honest vs. dishonest messaging (weight loss); quality vs. marketing; harmful products; effectiveness.,9
2014,8.1,School Life / Food,Super-sized Food,Discuss selling super-sized Japanese food at a school fun fair stall.,Popularity in HK; pros and cons; food choice for super-sizing.,Popularity in HK; food waste concerns; publicity stunts; quality vs. quantity; online sharing/photos.,9
2014,8.2,School Life / Culture,Young Screenwriter,Discuss organizing a workshop with Jeremy Lin (teen screenwriter).,Workshop activities; questions for Jeremy; learning outcomes.,Screenwriting; following dreams; teen issues in film; local talent going international; workshop activities.,9
2014,8.3,Technology / Mental Health,Technology Addiction,Discuss what to include in a presentation about addiction to technology.,Addiction reasons; signs of addiction; overcoming tips.,"Signs of addiction (anxiety, multi-tasking); virtual vs. real world; finding balance; computer/internet usage; parental control.",9
2014,9.1,Social Issues / Youth,Police Internship,Discuss whether to apply for a HK Police Force summer internship.,Reasons for joining; preferred job duties; benefits vs other jobs.,Youth activities (JPC); TV/film production; entry requirements (languages/IT); allowance; dangerous job perception; public communication.,9
2014,9.2,Social Issues / HK Culture,Customer Service,Discuss a project about customer service in Hong Kong.,Importance; quality trends in HK; improvement strategies.,Declining quality; competitive edge; employee motivation/rewards; dealing with rude customers; tourist impression.,9
2014,9.3,Education / Social Issues,Study Time Curfew,Discuss whether 'Study Time' should be introduced in Hong Kong.,Benefits and negative effects; implementation feasibility.,Discipline/focus; preventing street fights; parental monitoring; fines for not studying; group vs. alone study.,9
2014,10.1,Social Issues / Family,Discipline and Power,Discuss if children have too much power if they are not disciplined.,Power dynamics in HK families; positive and negative effects of discipline.,Child-centered approach; boundaries; anxiety/self-harm; democratic parenting; punishment types; over-protection.,9
2014,10.2,School Life / Culture,Youth Dance Group,Discuss a presentation to encourage classmates to join a dance group.,Interest in dancing; learning outcomes; promotion activities.,Self-awareness; performing on stage; Hip Hop/Modern dance; transformative experience; Solo vs. Group; traditional vs. modern.,9
2014,10.3,School Life / Media,Magazine Subscription,Discuss which magazine is most suitable for the school library.,Pros and cons of choices; final selection; other recommended types.,Gadgets vs. Travel vs. Fashion; educating vs. entertaining; popularity with teens; online vs. print; value for money.,9
2013,1.1,Education / Technology,YouTube Learning,Discuss learning English through YouTube and social networking.,Methods for learning; alternative ways outside the classroom; advice for self-learners.,Learning through fansubbing; informal and playful character of online interaction; providing advice to self-learners; potential of social networking sites.,10
2013,1.2,School Life / Health,Cooking Classes,Discuss if HK secondary schools should have compulsory cooking classes.,Reasons youth can't cook; benefits and problems; curriculum content.,"Reasons for young people's lack of cooking skills; benefits and problems of compulsory classes; curriculum content (e.g., nutrition, portion sizes).",10
2013,1.3,Health / Well-being,Long Life Secrets,Discuss content for a talk about achieving a long life for Live Well Week.,Choice of factors; most important rule; Live Well Week activities.,"Factors like family support, non-smoking/drinking, regular diet, sleep, exercise, and positive mindset; identifying the most important rule.",10
2013,2.1,Education / Work,Apprenticeships,Discuss introducing Swiss apprenticeship programmes to students.,Differences from traditional schooling; parental/student openness; employer support.,Differences from traditional schooling; openness of parents and students; securing support from employers; vocational education and training (VET).,10
2013,2.2,Society / Community,Empty Shop Projects,Discuss 'empty shop projects' for community events in a letter.,Benefits and problems in HK; activity ideas; encouraging organizers.,"Benefits and problems of using shop-spaces; suitable activities (exhibitions, performances, clinics); encouraging participation from companies and charities.",10
2013,2.3,Hong Kong Culture / Food,'Strange' HK Food,Produce a brochure for tourists about special local food in HK.,Strange food types; tourist perceptions; making food attractive in brochures.,"Examples like thousand-year-old eggs, chicken feet, sea slugs, and turtle soup; reasons for tourist perception; making foods more attractive.",10
2013,3.1,Health / Environment,Keep Fit Activities,Choose an unusual activity for a school Health Awareness Fun Day.,Activity suitability; organizational problems; alternative activities.,"Activities: photo racing, household chores, lion dancing; suitability for students; potential organizational problems.",10
2013,3.2,Hong Kong Culture / Teenagers,Overseas Teens Website,Improve a website for overseas teenagers moving to Hong Kong.,Information needs for newcomers; content retention; website attractiveness.,"Teenagers' needs (transport, tourism, culture); identifying essential info; website attractiveness and usability.",10
2013,3.3,Technology / Safety,Cyber Crime,Give a presentation about cyber crime for the Computer Club.,Occurrence reasons; importance of protection; protection methods.,"Causes of cyber crime; importance of protection; safety steps (complex passwords, avoiding public computers, regular changes).",10
2013,4.1,Environment / Ethics,Cruel Foods,Prepare for a debate on not eating food from animals cruelly treated.,Cruel food examples; arguments for and against the motion.,"Examples of 'cruel foods' (foie gras, shark's fin, live lobster); animal rights; arguments for and against the ban.",10
2013,4.2,Health / Sports,Contact Sports,Discuss whether teenagers should participate in full contact sports.,Opposition reasons; benefits to teenagers; school introduction difficulties.,Safety concerns vs. physical benefits; definition of contact levels; difficulties of school introduction; perception of brutality.,10
2013,4.3,Environment / Society,Simple Living,"Organise a course on simple living, including living in the countryside.",Learned skills; benefits and problems; alternative activities.,Skills learned from nature; benefits and problems of simple living; quality of life vs. urban convenience.,10
2013,5.1,Technology / Mental Health,Brain Downtime,Discuss how smartphones/tablets are changing the lives of HK youth.,"Effects on brains, behavior, and relationships.",Loss of 'downtime' and 'quiet time'; effects on memory and learning; impact on social relationships and fatigue.,10
2013,5.2,Mental Health / Society,Clutter Effects,Write an article about the effects of having too much clutter in the home.,Reasons for hoarding; effects of clutter; disposal of items.,Emotional baggage and attachment to items; stress and anxiety caused by mess; de-cluttering for mental relief.,10
2013,5.3,Hong Kong Culture / Society,Luxury Brand Trends,Gather information about luxury brand shopping trends in Hong Kong.,Reasons brands open in HK; advantages and problems; additional project info.,High spending on luxury; international brands' expansion; advantages and problems of consumerism; influence of tourism.,10
2013,6.1,Technology / Society,Home Robots,Write a report about the use of robots in the home.,Services provided; disadvantages; future robot ideas.,"Services provided (cleaning, pet care, security); disadvantages of home robotics; future robot concepts.",10
2013,6.2,Global Issues / Technology,Mars One Project,Give a presentation on humans living on other planets.,Pros and cons of Mars One; survival issues; move motivation.,One-way trip implications; scientific vs. social knowledge; reasons for moving to other planets.,10
2013,6.3,Technology / Mental Health,Video Games as Art,Debate: 'Computer games are beneficial for young people'.,Games as art; benefits of playing; counter-arguments.,"Emotional engagement and complexity in gaming; mixture of graphics, music, and interactivity; artistic value vs. traditional forms.",10
2013,7.1,Hong Kong Culture / Society,Pets as Children,Discuss the increasing importance of dogs as pets in Hong Kong.,Reasons for pet importance; activities with dogs; pros and cons of time spent.,"High cost of raising children; emotional bonds (oxytocin); specialized pet services (restaurants, psychologists); advantages and problems of intense pet focus.",10
2013,7.2,Hong Kong Culture / Music,Cantopop Decline,Propose a project focusing on Cantopop for the popular culture elective.,Topic suitability; proposal content; popularity trends today.,Impact of illegal downloading and new media; competition from K-Pop/J-Pop; limited thematic range (over-focus on love songs); collective memory.,10
2013,7.3,Mental Health / Teenagers,Peer Pressure,Give a presentation about peer pressure experienced by HK teenagers.,Types of pressure; positive and negative influences; coping strategies.,Positive vs. negative pressure (studying vs. drug use); factors like age and gender; strategies for coping with pressure; need for belonging.,10
2013,8.1,Technology / Education,Class Blogging,Discuss how to convince a teacher to allow a group class blog.,Benefits and problems; blog topics; using survey data for persuasion.,"High local engagement in reading/writing blogs; popular topics (news, travel, food); issues of trust and information quality.",10
2013,8.2,Mental Health / School Life,Solving Conflicts,Give a talk to S1 about working with people and solving group conflicts.,Difficulties in groups; conflict resolution ways; benefits of teamwork.,"Concept of 'unhooking' (physically, mentally, verbally); difficulties of group work; benefits of cooperation.",10
2013,8.3,Global Issues / Society,Beauty Standards,Discuss whether Western forms of beauty are the ideal.,Beauty beliefs for men/women; eye colour criteria; Western beauty as ideal.,Popularity of coloured contact lenses and eye surgery; conforming to global vs. local standards; technological procedures to change eye colour.,10
2013,9.1,Hong Kong Culture / Tradition,Street Markets,Design an exhibition on 'Hong Kong's Identity and Traditions' for school.,Article ideas; other traditional aspects; fun presentation methods.,Symbolism of red street-market lamps; character of wet markets; presenting traditions in fun/humorous ways.,10
2013,9.2,Education / Technology,Calculators in School,Debate: 'Calculators should NOT be banned in primary schools'.,Advantages and problems of use; ban agreement.,Dependency on technology; mental arithmetic skills; outperforming others without aids; grounding in basics.,10
2013,9.3,Education / Literature,Reading Fiction,Choose English books for the Reading Club based on a review.,Recommendation of 'Hero on a Bicycle'; book choices; benefits/challenges of fiction.,Book reviews; themes of courage/history vs. fantasy/magic; emotional impact of stories.,10
2013,10.1,Global Issues / School Life,Chind?gu (Inventions),Set up a Chind?gu Society for the school's Society Day.,Society aims; unique selling points; invention-based promotion.,"Rules of Chind?gu (real, useless, for daily use); examples: Baby Mop, Noodle Cooler; promoting creativity.",10
2013,10.2,Society / School Life,Table Manners,Conduct a workshop on dining etiquette for Mind Your Manners Week.,Rude behaviors; traditional vs updated rules; most important rule.,Informal vs. formal rules; mobile phone etiquette at the table; cultural differences; importance of hygiene.,10
2013,10.3,Education / Society,Parenting Success,Make a presentation to parents about helping children succeed.,HK parental strategies; child motivation; advice for parents.,"The '10,000 hours' rule; failure of external rewards (money, stickers); pushing children to find internal passion.",10
